Name,Price,Date
"Apple 2025 MacBook Air (13-inch, Apple M4 chip with 10-core CPU and 10-core GPU, 24GB Unified Memory, 512GB) - Sky Blue",124990,2025-09-10
"Apple 2025 MacBook Air (13-inch, Apple M4 chip with 10-core CPU and 10-core GPU, 24GB Unified Memory, 512GB) - Sky Blue",124990,2025-09-11
"Apple 2025 MacBook Air (13-inch, Apple M4 chip with 10-core CPU and 10-core GPU, 24GB Unified Memory, 512GB) - Sky Blue",124990,2025-09-12
"Apple 2025 MacBook Air (13-inch, Apple M4 chip with 10-core CPU and 10-core GPU, 24GB Unified Memory, 512GB) - Sky Blue",124990,2025-09-13
"Apple 2025 MacBook Air (13-inch, Apple M4 chip with 10-core CPU and 10-core GPU, 24GB Unified Memory, 512GB) - Sky Blue",124990,2025-09-14
"Apple 2025 MacBook Air (13-inch, Apple M4 chip with 10-core CPU and 10-core GPU, 24GB Unified Memory, 512GB) - Sky Blue",124990,2025-09-15
"Apple 2025 MacBook Air (13-inch, Apple M4 chip with 10-core CPU and 10-core GPU, 24GB Unified Memory, 512GB) - Sky Blue",124990,2025-09-16
"Apple 2025 MacBook Air (13-inch, Apple M4 chip with 10-core CPU and 10-core GPU, 24GB Unified Memory, 512GB) - Sky Blue",124990,2025-09-17
"Apple 2025 MacBook Air (13-inch, Apple M4 chip with 10-core CPU and 10-core GPU, 24GB Unified Memory, 512GB) - Sky Blue",124990,2025-09-18
"Apple 2025 MacBook Air (13-inch, Apple M4 chip with 10-core CPU and 10-core GPU, 24GB Unified Memory, 512GB) - Sky Blue",124990,2025-09-19
"Apple 2025 MacBook Air (13-inch, Apple M4 chip with 10-core CPU and 10-core GPU, 24GB Unified Memory, 512GB) - Sky Blue",124990,2025-09-20
"Apple 2025 MacBook Air (13-inch, Apple M4 chip with 10-core CPU and 10-core GPU, 24GB Unified Memory, 512GB) - Sky Blue",124990,2025-09-21
"Apple 2025 MacBook Air (13-inch, Apple M4 chip with 10-core CPU and 10-core GPU, 24GB Unified Memory, 512GB) - Sky Blue",131990,2025-09-22
"Apple 2025 MacBook Air (13-inch, Apple M4 chip with 10-core CPU and 10-core GPU, 24GB Unified Memory, 512GB) - Sky Blue",131990,2025-09-23
"Apple 2025 MacBook Air (13-inch, Apple M4 chip with 10-core CPU and 10-core GPU, 24GB Unified Memory, 512GB) - Sky Blue",131990,2025-09-24
"Apple 2025 MacBook Air (13-inch, Apple M4 chip with 10-core CPU and 10-core GPU, 24GB Unified Memory, 512GB) - Sky Blue",131900,2025-09-25
"Apple 2025 MacBook Air (13-inch, Apple M4 chip with 10-core CPU and 10-core GPU, 24GB Unified Memory, 512GB) - Sky Blue",131990,2025-09-26
"Apple 2025 MacBook Air (13-inch, Apple M4 chip with 10-core CPU and 10-core GPU, 24GB Unified Memory, 512GB) - Sky Blue",131990,2025-09-28
"Apple 2025 MacBook Air (13-inch, Apple M4 chip with 10-core CPU and 10-core GPU, 24GB Unified Memory, 512GB) - Sky Blue",134990,2025-10-03
"Apple 2025 MacBook Air (13-inch, Apple M4 chip with 10-core CPU and 10-core GPU, 24GB Unified Memory, 512GB) - Sky Blue",134990,2025-10-04
"Apple 2025 MacBook Air (13-inch, Apple M4 chip with 10-core CPU and 10-core GPU, 24GB Unified Memory, 512GB) - Sky Blue",134990,2025-10-05
"Apple 2025 MacBook Air (13-inch, Apple M4 chip with 10-core CPU and 10-core GPU, 24GB Unified Memory, 512GB) - Sky Blue",134990,2025-10-06
"Apple 2025 MacBook Air (13-inch, Apple M4 chip with 10-core CPU and 10-core GPU, 24GB Unified Memory, 512GB) - Sky Blue",134990,2025-10-07
"Apple 2025 MacBook Air (13-inch, Apple M4 chip with 10-core CPU and 10-core GPU, 24GB Unified Memory, 512GB) - Sky Blue",133990,2025-10-08
"Apple 2025 MacBook Air (13-inch, Apple M4 chip with 10-core CPU and 10-core GPU, 24GB Unified Memory, 512GB) - Sky Blue",133990,2025-10-09
"Apple 2025 MacBook Air (13-inch, Apple M4 chip with 10-core CPU and 10-core GPU, 24GB Unified Memory, 512GB) - Sky Blue",133990,2025-10-10
"Apple 2025 MacBook Air (13-inch, Apple M4 chip with 10-core CPU and 10-core GPU, 24GB Unified Memory, 512GB) - Sky Blue",133990,2025-10-11
"Apple 2025 MacBook Air (13-inch, Apple M4 chip with 10-core CPU and 10-core GPU, 24GB Unified Memory, 512GB) - Sky Blue",133990,2025-10-12
"Apple 2025 MacBook Air (13-inch, Apple M4 chip with 10-core CPU and 10-core GPU, 24GB Unified Memory, 512GB) - Sky Blue",133990,2025-10-13
"Apple 2025 MacBook Air (13-inch, Apple M4 chip with 10-core CPU and 10-core GPU, 24GB Unified Memory, 512GB) - Sky Blue",133990,2025-10-14
"Apple 2025 MacBook Air (13-inch, Apple M4 chip with 10-core CPU and 10-core GPU, 24GB Unified Memory, 512GB) - Sky Blue",133990,2025-10-15
"Apple 2025 MacBook Air (13-inch, Apple M4 chip with 10-core CPU and 10-core GPU, 24GB Unified Memory, 512GB) - Sky Blue",133990,2025-10-16
"Apple 2025 MacBook Air (13-inch, Apple M4 chip with 10-core CPU and 10-core GPU, 24GB Unified Memory, 512GB) - Sky Blue",133990,2025-10-17
"Apple 2025 MacBook Air (13-inch, Apple M4 chip with 10-core CPU and 10-core GPU, 24GB Unified Memory, 512GB) - Sky Blue",133990,2025-10-18
"Apple 2025 MacBook Air (13-inch, Apple M4 chip with 10-core CPU and 10-core GPU, 24GB Unified Memory, 512GB) - Sky Blue",133990,2025-10-19
"Apple 2025 MacBook Air (13-inch, Apple M4 chip with 10-core CPU and 10-core GPU, 24GB Unified Memory, 512GB) - Sky Blue",134990,2025-10-20
"Apple 2025 MacBook Air (13-inch, Apple M4 chip with 10-core CPU and 10-core GPU, 24GB Unified Memory, 512GB) - Sky Blue",134990,2025-10-21
"Apple 2025 MacBook Air (13-inch, Apple M4 chip with 10-core CPU and 10-core GPU, 24GB Unified Memory, 512GB) - Sky Blue",134990,2025-10-22
"Apple 2025 MacBook Air (13-inch, Apple M4 chip with 10-core CPU and 10-core GPU, 24GB Unified Memory, 512GB) - Sky Blue",134990,2025-10-23
"Apple 2025 MacBook Air (13-inch, Apple M4 chip with 10-core CPU and 10-core GPU, 24GB Unified Memory, 512GB) - Sky Blue",134990,2025-10-24
"Apple 2025 MacBook Air (13-inch, Apple M4 chip with 10-core CPU and 10-core GPU, 24GB Unified Memory, 512GB) - Sky Blue",134990,2025-10-25
"Apple 2025 MacBook Air (13-inch, Apple M4 chip with 10-core CPU and 10-core GPU, 24GB Unified Memory, 512GB) - Sky Blue",134990,2025-10-26
"Apple 2025 MacBook Air (13-inch, Apple M4 chip with 10-core CPU and 10-core GPU, 24GB Unified Memory, 512GB) - Sky Blue",134990,2025-10-27
"Apple 2025 MacBook Air (13-inch, Apple M4 chip with 10-core CPU and 10-core GPU, 24GB Unified Memory, 512GB) - Sky Blue",133990,2025-10-28
"Apple 2025 MacBook Air (13-inch, Apple M4 chip with 10-core CPU and 10-core GPU, 24GB Unified Memory, 512GB) - Sky Blue",133990,2025-10-29
"Apple 2025 MacBook Air (13-inch, Apple M4 chip with 10-core CPU and 10-core GPU, 24GB Unified Memory, 512GB) - Sky Blue",133990,2025-10-30
"Apple 2025 MacBook Air (13-inch, Apple M4 chip with 10-core CPU and 10-core GPU, 24GB Unified Memory, 512GB) - Sky Blue",133990,2025-10-31
"Apple 2025 MacBook Air (13-inch, Apple M4 chip with 10-core CPU and 10-core GPU, 24GB Unified Memory, 512GB) - Sky Blue",133990,2025-11-01
"Apple 2025 MacBook Air (13-inch, Apple M4 chip with 10-core CPU and 10-core GPU, 24GB Unified Memory, 512GB) - Sky Blue",133990,2025-11-02
"Apple 2025 MacBook Air (13-inch, Apple M4 chip with 10-core CPU and 10-core GPU, 24GB Unified Memory, 512GB) - Sky Blue",133990,2025-11-03
"Apple 2025 MacBook Air (13-inch, Apple M4 chip with 10-core CPU and 10-core GPU, 24GB Unified Memory, 512GB) - Sky Blue",133990,2025-11-04
"Apple 2025 MacBook Air (13-inch, Apple M4 chip with 10-core CPU and 10-core GPU, 24GB Unified Memory, 512GB) - Sky Blue",133990,2025-11-05
"Apple 2025 MacBook Air (13-inch, Apple M4 chip with 10-core CPU and 10-core GPU, 24GB Unified Memory, 512GB) - Sky Blue",131900,2025-11-06
"Apple 2025 MacBook Air (13-inch, Apple M4 chip with 10-core CPU and 10-core GPU, 24GB Unified Memory, 512GB) - Sky Blue",131900,2025-11-07
"Apple 2025 MacBook Air (13-inch, Apple M4 chip with 10-core CPU and 10-core GPU, 24GB Unified Memory, 512GB) - Sky Blue",131900,2025-11-08
"Apple 2025 MacBook Air (13-inch, Apple M4 chip with 10-core CPU and 10-core GPU, 24GB Unified Memory, 512GB) - Sky Blue",131900,2025-11-09
"Apple 2025 MacBook Air (13-inch, Apple M4 chip with 10-core CPU and 10-core GPU, 24GB Unified Memory, 512GB) - Sky Blue",131900,2025-11-10
"Apple 2025 MacBook Air (13-inch, Apple M4 chip with 10-core CPU and 10-core GPU, 24GB Unified Memory, 512GB) - Sky Blue",131900,2025-11-11
"Apple 2025 MacBook Air (13-inch, Apple M4 chip with 10-core CPU and 10-core GPU, 24GB Unified Memory, 512GB) - Sky Blue",131900,2025-11-12
"Apple 2025 MacBook Air (13-inch, Apple M4 chip with 10-core CPU and 10-core GPU, 24GB Unified Memory, 512GB) - Sky Blue",131900,2025-11-13
"Apple 2025 MacBook Air (13-inch, Apple M4 chip with 10-core CPU and 10-core GPU, 24GB Unified Memory, 512GB) - Sky Blue",131900,2025-11-14
"Apple 2025 MacBook Air (13-inch, Apple M4 chip with 10-core CPU and 10-core GPU, 24GB Unified Memory, 512GB) - Sky Blue",131900,2025-11-15
"Apple 2025 MacBook Air (13-inch, Apple M4 chip with 10-core CPU and 10-core GPU, 24GB Unified Memory, 512GB) - Sky Blue",131900,2025-11-16
"Apple 2025 MacBook Air (13-inch, Apple M4 chip with 10-core CPU and 10-core GPU, 24GB Unified Memory, 512GB) - Sky Blue",131900,2025-11-17
"Apple 2025 MacBook Air (13-inch, Apple M4 chip with 10-core CPU and 10-core GPU, 24GB Unified Memory, 512GB) - Sky Blue",133990,2025-11-18
"Apple 2025 MacBook Air (13-inch, Apple M4 chip with 10-core CPU and 10-core GPU, 24GB Unified Memory, 512GB) - Sky Blue",131900,2025-11-19
"Apple 2025 MacBook Air (13-inch, Apple M4 chip with 10-core CPU and 10-core GPU, 24GB Unified Memory, 512GB) - Sky Blue",131900,2025-11-20
"Apple 2025 MacBook Air (13-inch, Apple M4 chip with 10-core CPU and 10-core GPU, 24GB Unified Memory, 512GB) - Sky Blue",131900,2025-11-21
"Apple 2025 MacBook Air (13-inch, Apple M4 chip with 10-core CPU and 10-core GPU, 24GB Unified Memory, 512GB) - Sky Blue",133990,2025-11-22
"Apple 2025 MacBook Air (13-inch, Apple M4 chip with 10-core CPU and 10-core GPU, 24GB Unified Memory, 512GB) - Sky Blue",133990,2025-11-24
"Apple 2025 MacBook Air (13-inch, Apple M4 chip with 10-core CPU and 10-core GPU, 24GB Unified Memory, 512GB) - Sky Blue",131900,2025-11-26
"Apple 2025 MacBook Air (13-inch, Apple M4 chip with 10-core CPU and 10-core GPU, 24GB Unified Memory, 512GB) - Sky Blue",131900,2025-11-27
"Apple 2025 MacBook Air (13-inch, Apple M4 chip with 10-core CPU and 10-core GPU, 24GB Unified Memory, 512GB) - Sky Blue",133990,2025-11-28
"Apple 2025 MacBook Air (13-inch, Apple M4 chip with 10-core CPU and 10-core GPU, 24GB Unified Memory, 512GB) - Sky Blue",133990,2025-11-29
"Apple 2025 MacBook Air (13-inch, Apple M4 chip with 10-core CPU and 10-core GPU, 24GB Unified Memory, 512GB) - Sky Blue",133990,2025-11-30
"Apple 2025 MacBook Air (13-inch, Apple M4 chip with 10-core CPU and 10-core GPU, 24GB Unified Memory, 512GB) - Sky Blue",131900,2025-12-01
"Apple 2025 MacBook Air (13-inch, Apple M4 chip with 10-core CPU and 10-core GPU, 24GB Unified Memory, 512GB) - Sky Blue",133990,2025-12-02
"Apple 2025 MacBook Air (13-inch, Apple M4 chip with 10-core CPU and 10-core GPU, 24GB Unified Memory, 512GB) - Sky Blue",133990,2025-12-03
"Apple 2025 MacBook Air (13-inch, Apple M4 chip with 10-core CPU and 10-core GPU, 24GB Unified Memory, 512GB) - Sky Blue",133990,2025-12-04
"Apple 2025 MacBook Air (13-inch, Apple M4 chip with 10-core CPU and 10-core GPU, 24GB Unified Memory, 512GB) - Sky Blue",133990,2025-12-05
"Apple 2025 MacBook Air (13-inch, Apple M4 chip with 10-core CPU and 10-core GPU, 24GB Unified Memory, 512GB) - Sky Blue",133990,2025-12-07
"Apple 2025 MacBook Air (13-inch, Apple M4 chip with 10-core CPU and 10-core GPU, 24GB Unified Memory, 512GB) - Sky Blue",133990,2025-12-08
"Apple 2025 MacBook Air (13-inch, Apple M4 chip with 10-core CPU and 10-core GPU, 24GB Unified Memory, 512GB) - Sky Blue",133990,2025-12-09
"Apple 2025 MacBook Air (13-inch, Apple M4 chip with 10-core CPU and 10-core GPU, 24GB Unified Memory, 512GB) - Sky Blue",133990,2025-12-10
"Apple 2025 MacBook Air (13-inch, Apple M4 chip with 10-core CPU and 10-core GPU, 24GB Unified Memory, 512GB) - Sky Blue",133990,2025-12-11
"Apple 2025 MacBook Air (13-inch, Apple M4 chip with 10-core CPU and 10-core GPU, 24GB Unified Memory, 512GB) - Sky Blue",133990,2025-12-12
"Apple 2025 MacBook Air (13-inch, Apple M4 chip with 10-core CPU and 10-core GPU, 24GB Unified Memory, 512GB) - Sky Blue",130900,2025-12-15
"Apple 2025 MacBook Air (13-inch, Apple M4 chip with 10-core CPU and 10-core GPU, 24GB Unified Memory, 512GB) - Sky Blue",131990,2025-12-16
"Apple 2025 MacBook Air (13-inch, Apple M4 chip with 10-core CPU and 10-core GPU, 24GB Unified Memory, 512GB) - Sky Blue",131990,2025-12-17
"Apple 2025 MacBook Air (13-inch, Apple M4 chip with 10-core CPU and 10-core GPU, 24GB Unified Memory, 512GB) - Sky Blue",130900,2025-12-18
"Apple 2025 MacBook Air (13-inch, Apple M4 chip with 10-core CPU and 10-core GPU, 24GB Unified Memory, 512GB) - Sky Blue",130900,2025-12-19
"Apple 2025 MacBook Air (13-inch, Apple M4 chip with 10-core CPU and 10-core GPU, 24GB Unified Memory, 512GB) - Sky Blue",130900,2025-12-20
"Apple 2025 MacBook Air (13-inch, Apple M4 chip with 10-core CPU and 10-core GPU, 24GB Unified Memory, 512GB) - Sky Blue",130900,2025-12-22
"Apple 2025 MacBook Air (13-inch, Apple M4 chip with 10-core CPU and 10-core GPU, 24GB Unified Memory, 512GB) - Sky Blue",130900,2025-12-24
"Apple 2025 MacBook Air (13-inch, Apple M4 chip with 10-core CPU and 10-core GPU, 24GB Unified Memory, 512GB) - Sky Blue",130900,2025-12-25
"Apple 2025 MacBook Air (13-inch, Apple M4 chip with 10-core CPU and 10-core GPU, 24GB Unified Memory, 512GB) - Sky Blue",131990,2025-12-26
"Apple 2025 MacBook Air (13-inch, Apple M4 chip with 10-core CPU and 10-core GPU, 24GB Unified Memory, 512GB) - Sky Blue",131990,2025-12-27
"Apple 2025 MacBook Air (13-inch, Apple M4 chip with 10-core CPU and 10-core GPU, 24GB Unified Memory, 512GB) - Sky Blue",131990,2025-12-30
"Apple 2025 MacBook Air (13-inch, Apple M4 chip with 10-core CPU and 10-core GPU, 24GB Unified Memory, 512GB) - Sky Blue",130900,2026-01-01
"Apple 2025 MacBook Air (13-inch, Apple M4 chip with 10-core CPU and 10-core GPU, 24GB Unified Memory, 512GB) - Sky Blue",130900,2026-01-02
"Apple 2025 MacBook Air (13-inch, Apple M4 chip with 10-core CPU and 10-core GPU, 24GB Unified Memory, 512GB) - Sky Blue",131990,2026-01-03
"Apple 2025 MacBook Air (13-inch, Apple M4 chip with 10-core CPU and 10-core GPU, 24GB Unified Memory, 512GB) - Sky Blue",130900,2026-01-08
"Apple 2025 MacBook Air (13-inch, Apple M4 chip with 10-core CPU and 10-core GPU, 24GB Unified Memory, 512GB) - Sky Blue",130900,2026-01-09
"Apple 2025 MacBook Air (13-inch, Apple M4 chip with 10-core CPU and 10-core GPU, 24GB Unified Memory, 512GB) - Sky Blue",130900,2026-01-10
"Apple 2025 MacBook Air (13-inch, Apple M4 chip with 10-core CPU and 10-core GPU, 24GB Unified Memory, 512GB) - Sky Blue",125490,2026-01-11
"Apple 2025 MacBook Air (13-inch, Apple M4 chip with 10-core CPU and 10-core GPU, 24GB Unified Memory, 512GB) - Sky Blue",125490,2026-01-12
"Apple 2025 MacBook Air (13-inch, Apple M4 chip with 10-core CPU and 10-core GPU, 24GB Unified Memory, 512GB) - Sky Blue",119490,2026-01-13
"Apple 2025 MacBook Air (13-inch, Apple M4 chip with 10-core CPU and 10-core GPU, 24GB Unified Memory, 512GB) - Sky Blue",119490,2026-01-14
"Apple 2025 MacBook Air (13-inch, Apple M4 chip with 10-core CPU and 10-core GPU, 24GB Unified Memory, 512GB) - Sky Blue",119490,2026-01-15
"Apple 2025 MacBook Air (13-inch, Apple M4 chip with 10-core CPU and 10-core GPU, 24GB Unified Memory, 512GB) - Sky Blue",125490,2026-01-16
"Apple 2025 MacBook Air (13-inch, Apple M4 chip with 10-core CPU and 10-core GPU, 24GB Unified Memory, 512GB) - Sky Blue",122490,2026-01-18
"Apple 2025 MacBook Air (13-inch, Apple M4 chip with 10-core CPU and 10-core GPU, 24GB Unified Memory, 512GB) - Sky Blue",119990,2026-01-19
"Apple 2025 MacBook Air (13-inch, Apple M4 chip with 10-core CPU and 10-core GPU, 24GB Unified Memory, 512GB) - Sky Blue",119990,2026-01-20
"Apple 2025 MacBook Air (13-inch, Apple M4 chip with 10-core CPU and 10-core GPU, 24GB Unified Memory, 512GB) - Sky Blue",116990,2026-01-21
"Apple 2025 MacBook Air (13-inch, Apple M4 chip with 10-core CPU and 10-core GPU, 24GB Unified Memory, 512GB) - Sky Blue",125990,2026-01-23
"Apple 2025 MacBook Air (13-inch, Apple M4 chip with 10-core CPU and 10-core GPU, 24GB Unified Memory, 512GB) - Sky Blue",125990,2026-01-24
"Apple 2025 MacBook Air (13-inch, Apple M4 chip with 10-core CPU and 10-core GPU, 24GB Unified Memory, 512GB) - Sky Blue",131990,2026-01-25
"Apple 2025 MacBook Air (13-inch, Apple M4 chip with 10-core CPU and 10-core GPU, 24GB Unified Memory, 512GB) - Sky Blue",131990,2026-01-26
"Apple 2025 MacBook Air (13-inch, Apple M4 chip with 10-core CPU and 10-core GPU, 24GB Unified Memory, 512GB) - Sky Blue",130900,2026-01-27
"Apple 2025 MacBook Air (13-inch, Apple M4 chip with 10-core CPU and 10-core GPU, 24GB Unified Memory, 512GB) - Sky Blue",130900,2026-01-28
"Apple 2025 MacBook Air (13-inch, Apple M4 chip with 10-core CPU and 10-core GPU, 24GB Unified Memory, 512GB) - Sky Blue",130900,2026-01-29
"Apple 2025 MacBook Air (13-inch, Apple M4 chip with 10-core CPU and 10-core GPU, 24GB Unified Memory, 512GB) - Sky Blue",130900,2026-01-31
"Apple 2025 MacBook Air (13-inch, Apple M4 chip with 10-core CPU and 10-core GPU, 24GB Unified Memory, 512GB) - Sky Blue",130900,2026-02-01
"Apple 2025 MacBook Air (13-inch, Apple M4 chip with 10-core CPU and 10-core GPU, 24GB Unified Memory, 512GB) - Sky Blue",130900,2026-02-05
"Apple 2025 MacBook Air (13-inch, Apple M4 chip with 10-core CPU and 10-core GPU, 24GB Unified Memory, 512GB) - Sky Blue",127900,2026-02-06
"Apple 2025 MacBook Air (13-inch, Apple M4 chip with 10-core CPU and 10-core GPU, 24GB Unified Memory, 512GB) - Sky Blue",134990,2026-02-07
"Apple 2025 MacBook Air (13-inch, Apple M4 chip with 10-core CPU and 10-core GPU, 24GB Unified Memory, 512GB) - Sky Blue",134990,2026-02-08
"Apple 2025 MacBook Air (13-inch, Apple M4 chip with 10-core CPU and 10-core GPU, 24GB Unified Memory, 512GB) - Sky Blue",134990,2026-02-09
"Apple 2025 MacBook Air (13-inch, Apple M4 chip with 10-core CPU and 10-core GPU, 24GB Unified Memory, 512GB) - Sky Blue",134990,2026-02-10
"Apple 2025 MacBook Air (13-inch, Apple M4 chip with 10-core CPU and 10-core GPU, 24GB Unified Memory, 512GB) - Sky Blue",134990,2026-02-11
"Apple 2025 MacBook Air (13-inch, Apple M4 chip with 10-core CPU and 10-core GPU, 24GB Unified Memory, 512GB) - Sky Blue",127900,2026-02-12
"Apple 2025 MacBook Air (13-inch, Apple M4 chip with 10-core CPU and 10-core GPU, 24GB Unified Memory, 512GB) - Sky Blue",127900,2026-02-13
"Apple 2025 MacBook Air (13-inch, Apple M4 chip with 10-core CPU and 10-core GPU, 24GB Unified Memory, 512GB) - Sky Blue",127900,2026-02-14
"Apple 2025 MacBook Air (13-inch, Apple M4 chip with 10-core CPU and 10-core GPU, 24GB Unified Memory, 512GB) - Sky Blue",125990,2026-02-15
"Apple 2025 MacBook Air (13-inch, Apple M4 chip with 10-core CPU and 10-core GPU, 24GB Unified Memory, 512GB) - Sky Blue",125990,2026-02-16
"Apple 2025 MacBook Air (13-inch, Apple M4 chip with 10-core CPU and 10-core GPU, 24GB Unified Memory, 512GB) - Sky Blue",134990,2026-02-18
"Apple 2025 MacBook Air (13-inch, Apple M4 chip with 10-core CPU and 10-core GPU, 24GB Unified Memory, 512GB) - Sky Blue",134990,2026-02-19
"Apple 2025 MacBook Air (13-inch, Apple M4 chip with 10-core CPU and 10-core GPU, 24GB Unified Memory, 512GB) - Sky Blue",134990,2026-02-20
